{"files": {"Cheats/TGFX16-CD/3 in 1 DUO Demo CD (SCD)(USA).zip": {"hash": "a1cfb3adc261e8dc2cf019d44b52f7ca", "size": 1383, "tags": [15, 22, 243], "zip_id": "cheats_folder_tgfx16-cd"}, "Cheats/TGFX16-CD/4 in 1 Super CD (SCD)(USA).zip": {"hash": "cc39ac269faeba53edc3bb875b8dffc4", "size": 663, "tags": [15, 22, 243], "zip_id": "cheats_folder_tgfx16-cd"}, "Cheats/TGFX16-CD/Advanced Variable Geo (SCD)(Jpn).zip": {"hash": "8252de86268d9b05a730e697eb1b4072", "size": 538, "tags": [15, 22, 243], "zip_id": "cheats_folder_tgfx16-cd"}, "Cheats/TGFX16-CD/Ai Chou Aniki (SCD)(Jpn).zip": {"hash": "7e3474a95f9ab4db463c8ff698fa8ee9", "size": 507, "tags": [15, 22, 243], "zip_id": "cheats_folder_tgfx16-cd"}, "Cheats/TGFX16-CD/Akumajou Dracula X - Chi no Rondo (SCD)(Jpn).zip": {"hash": "07a029c74a746c5a5c31a15aa3d0b69c", "size": 2790, "tags": [15, 22, 243], "zip_id": "cheats_folder_tgfx16-cd"}, "Cheats/TGFX16-CD/Ane-San (SCD)(Jpn).zip": {"hash": "a552c1871e400674e06b250f545dc048", "size": 565, "tags": [15, 22, 243], "zip_id": "cheats_folder_tgfx16-cd"}, "Cheats/TGFX16-CD/Asuka 120% Maxima Burning Fest (SCD)(Jpn).zip": {"hash": "4c2bb54567b39c509ba69a2fb8e8fddc", "size": 256, "tags": [15, 22, 243], "zip_id": "cheats_folder_tgfx16-cd"}, "Cheats/TGFX16-CD/Avenger (CD)(Jpn).zip": {"hash": "70a71558a487d2800eb481ebaf53d799", "size": 701, "tags": [15, 22, 243], "zip_id": "cheats_folder_tgfx16-cd"}, "Cheats/TGFX16-CD/Baby Jo (SCD)(Jpn).zip": {"hash": "2c0e1b5524a7f7567e021883118890ba", "size": 541, "tags": [15, 22, 243], "zip_id": "cheats_folder_tgfx16-cd"}, "Cheats/TGFX16-CD/Bakushou Yoshimoto no Shinkigeki (SCD)(Jpn).zip": {"hash": "543440831f2d42baef416f695d0cf432", "size": 375, "tags": [15, 22, 243], "zip_id": "cheats_folder_tgfx16-cd"}, "Cheats/TGFX16-CD/Black Hole Assault (SCD)(Jpn).zip": {"hash": "950bd7ef8158c41a708d6147f421c7e4", "size": 878, "tags": [15, 22, 243], "zip_id": "cheats_folder_tgfx16-cd"}, "Cheats/TGFX16-CD/Blood Gear (SCD)(Jpn).zip": {"hash": "ed56d3480c8b68824d0683ba3d2b6bbb", "size": 971, "tags": [15, 22, 243], "zip_id": "cheats_folder_tgfx16-cd"}, "Cheats/TGFX16-CD/Bomberman Panic Bomber (SCD)(Jpn).zip": {"hash": "23662758acf9c050d94e2719173444fa", "size": 415, "tags": [15, 22, 243], "zip_id": "cheats_folder_tgfx16-cd"}, "Cheats/TGFX16-CD/Bonk III - Bonk's Big Adventure (SCD)(USA).zip": {"hash": "4f3b0ee2453c08e77e4ea3ca1a6e9233", "size": 869, "tags": [15, 22, 243], "zip_id": "cheats_folder_tgfx16-cd"}, "Cheats/TGFX16-CD/Brandish (ACD, SCD)(Jpn).zip": {"hash": "ca49050d9abf6bdd7187503032660b2a", "size": 1651, "tags": [15, 22, 243], "zip_id": "cheats_folder_tgfx16-cd"}, "Cheats/TGFX16-CD/Browning (SCD)(Jpn).zip": {"hash": "8ef9c1073df7c0ffbf1aa8620fca39d3", "size": 235, "tags": [15, 22, 243], "zip_id": "cheats_folder_tgfx16-cd"}, "Cheats/TGFX16-CD/Burai - Hachigyoku no Yuushi Densetsu (CD)(Jpn).zip": {"hash": "313846de8ae1400633bcf2df2b12742e", "size": 563, "tags": [15, 22, 243], "zip_id": "cheats_folder_tgfx16-cd"}, "Cheats/TGFX16-CD/Buster Bros. (CD)(USA).zip": {"hash": "4c4caf25ee47e815d63acbede16b8032", "size": 545, "tags": [15, 22, 243], "zip_id": "cheats_folder_tgfx16-cd"}, "Cheats/TGFX16-CD/CD Denjin Rockabilly Tengoku (SCD)(Jpn).zip": {"hash": "681d8bd685e2378035f8d3aec0c32079", "size": 373, "tags": [15, 22, 243], "zip_id": "cheats_folder_tgfx16-cd"}, "Cheats/TGFX16-CD/Chiki Chiki Boys (SCD)(Jpn).zip": {"hash": "e848b9d952d3cc93067b0401f5b132c8", "size": 819, "tags": [15, 22, 243], "zip_id": "cheats_folder_tgfx16-cd"}, "Cheats/TGFX16-CD/Chou Aniki (SCD)(Jpn).zip": {"hash": "34e09d590fcc86aae1d07976186f228d", "size": 440, "tags": [15, 22, 243], "zip_id": "cheats_folder_tgfx16-cd"}, "Cheats/TGFX16-CD/Choujikuu Yousai Macross 2036 (CD, SCD)(Jpn).zip": {"hash": "d117e37516b9a7b4a54d328dfe57e19e", "size": 231, "tags": [15, 22, 243], "zip_id": "cheats_folder_tgfx16-cd"}, "Cheats/TGFX16-CD/Cosmic Fantasy - Bouken Shounen Yuu (CD)(Jpn).zip": {"hash": "f755d45e5b28af560bd202e612799a2f", "size": 795, "tags": [15, 22, 243], "zip_id": "cheats_folder_tgfx16-cd"}, "Cheats/TGFX16-CD/Cosmic Fantasy II (CD)(USA).zip": {"hash": "50d4164c61593fec37ed12d0a939859d", "size": 1481, "tags": [15, 22, 243], "zip_id": "cheats_folder_tgfx16-cd"}, "Cheats/TGFX16-CD/Cosmic Fantasy III - Bouken Shounen Rei (SCD)(Jpn).zip": {"hash": "e37a2b0b0062a3ff5331800d43c1fb29", "size": 539, "tags": [15, 22, 243], "zip_id": "cheats_folder_tgfx16-cd"}, "Cheats/TGFX16-CD/Cotton - Fantastic Night Dreams (SCD)(USA).zip": {"hash": "fac794ef641fdea6c74447d1666941a8", "size": 574, "tags": [15, 22, 243], "zip_id": "cheats_folder_tgfx16-cd"}, "Cheats/TGFX16-CD/Deden no Den (SCD)(Jpn).zip": {"hash": "86f4cbaa82f551c5651208e81bc9d5d0", "size": 251, "tags": [15, 22, 243], "zip_id": "cheats_folder_tgfx16-cd"}, "Cheats/TGFX16-CD/Doraemon Nobita no Dorabian Night (SCD)(Jpn).zip": {"hash": "116af620bdad27129cdaa68e96656e7b", "size": 431, "tags": [15, 22, 243], "zip_id": "cheats_folder_tgfx16-cd"}, "Cheats/TGFX16-CD/Double Dragon II - The Revenge (SCD)(Jpn).zip": {"hash": "f116717217b7b4d4bd6aeae0f932873e", "size": 807, "tags": [15, 22, 243], "zip_id": "cheats_folder_tgfx16-cd"}, "Cheats/TGFX16-CD/Download II (CD)(Jpn).zip": {"hash": "101946b7821cb36045acb6b9a8d9857e", "size": 377, "tags": [15, 22, 243], "zip_id": "cheats_folder_tgfx16-cd"}, "Cheats/TGFX16-CD/Downtown Nekketsu Monogatari (SCD)(Jpn).zip": {"hash": "ddacb03664269214a390bc2db9b9974b", "size": 707, "tags": [15, 22, 243], "zip_id": "cheats_folder_tgfx16-cd"}, "Cheats/TGFX16-CD/Dragon Half (SCD)(Jpn).zip": {"hash": "ce7432e3809e52d5a60d49343a5b1eb2", "size": 243, "tags": [15, 22, 243], "zip_id": "cheats_folder_tgfx16-cd"}, "Cheats/TGFX16-CD/Dragon Knight & Grafitti (SCD)(Jpn).zip": {"hash": "7a8d10322c714075cfc06c1b95d7461b", "size": 1225, "tags": [15, 22, 243], "zip_id": "cheats_folder_tgfx16-cd"}, "Cheats/TGFX16-CD/Dragon Slayer - Eiyuu Densetsu II (SCD)(Jpn).zip": {"hash": "2a349b12c63c0467eaf9c3cd3d142583", "size": 540, "tags": [15, 22, 243], "zip_id": "cheats_folder_tgfx16-cd"}, "Cheats/TGFX16-CD/Dragon Slayer - The Legend of Heroes (SCD)(USA).zip": {"hash": "dba7082e2677f2ced80890f16a9731c2", "size": 516, "tags": [15, 22, 243], "zip_id": "cheats_folder_tgfx16-cd"}, "Cheats/TGFX16-CD/Dungeon Explorer II (SCD)(Jpn).zip": {"hash": "df5bbcd703f1bdf2968d85c0675deb68", "size": 3983, "tags": [15, 22, 243], "zip_id": "cheats_folder_tgfx16-cd"}, "Cheats/TGFX16-CD/Dungeon Explorer II (SCD)(USA).zip": {"hash": "729a5d0fcbac47cd43fb60032999adf4", "size": 4131, "tags": [15, 22, 243], "zip_id": "cheats_folder_tgfx16-cd"}, "Cheats/TGFX16-CD/Efera & Jiliora - The Emblem from Darkness (CD)(Jpn).zip": {"hash": "b87db700838c728c5d72bcc2e7e3a368", "size": 999, "tags": [15, 22, 243], "zip_id": "cheats_folder_tgfx16-cd"}, "Cheats/TGFX16-CD/Exile (CD)(USA).zip": {"hash": "715bf48e846bfd7ee2800b92d6b25bfc", "size": 803, "tags": [15, 22, 243], "zip_id": "cheats_folder_tgfx16-cd"}, "Cheats/TGFX16-CD/Exile II - Janen no Jishou (SCD)(Jpn).zip": {"hash": "2c94d7dacc11083d74513c625cfa7df4", "size": 237, "tags": [15, 22, 243], "zip_id": "cheats_folder_tgfx16-cd"}, "Cheats/TGFX16-CD/Exile II - Wicked Phenomenon (SCD)(USA).zip": {"hash": "376ac7bce14be4bca66f42eb9d139246", "size": 369, "tags": [15, 22, 243], "zip_id": "cheats_folder_tgfx16-cd"}, "Cheats/TGFX16-CD/Farjius no Jakoutei - Neo Metal Fantasy (SCD)(Jpn).zip": {"hash": "795648e37bba58cb5dd741fc77405a04", "size": 864, "tags": [15, 22, 243], "zip_id": "cheats_folder_tgfx16-cd"}, "Cheats/TGFX16-CD/Faussete Amour (SCD)(Jpn).zip": {"hash": "b6022e838c0f27958de0dbda5bc875ae", "size": 1660, "tags": [15, 22, 243], "zip_id": "cheats_folder_tgfx16-cd"}, "Cheats/TGFX16-CD/Fiend Hunter (SCD)(Jpn).zip": {"hash": "d27241d63a97aea5b802c42f0abf631b", "size": 1417, "tags": [15, 22, 243], "zip_id": "cheats_folder_tgfx16-cd"}, "Cheats/TGFX16-CD/Fighting Street (CD)(Jpn).zip": {"hash": "897c2f5f53d2f8497122e007f368dda6", "size": 537, "tags": [15, 22, 243], "zip_id": "cheats_folder_tgfx16-cd"}, "Cheats/TGFX16-CD/Fighting Street (CD)(USA).zip": {"hash": "853b42368a0dd5572135a6edd35b2e37", "size": 850, "tags": [15, 22, 243], "zip_id": "cheats_folder_tgfx16-cd"}, "Cheats/TGFX16-CD/Final Zone II (CD)(Jpn).zip": {"hash": "55759110ca0cb4639cf2f55ec5f8bf14", "size": 535, "tags": [15, 22, 243], "zip_id": "cheats_folder_tgfx16-cd"}, "Cheats/TGFX16-CD/Final Zone II (CD)(USA).zip": {"hash": "e2829404f206796cebc18e3709c1d217", "size": 523, "tags": [15, 22, 243], "zip_id": "cheats_folder_tgfx16-cd"}, "Cheats/TGFX16-CD/Flash Hiders (SCD)(Jpn).zip": {"hash": "bb9a7c893391ff78f266aa13b55ea2f8", "size": 1231, "tags": [15, 22, 243], "zip_id": "cheats_folder_tgfx16-cd"}, "Cheats/TGFX16-CD/Flash Hiders Taikenban (SCD)(Jpn).zip": {"hash": "28800647ecac8eb3f8f9ac8b9f52326b", "size": 1570, "tags": [15, 22, 243], "zip_id": "cheats_folder_tgfx16-cd"}, "Cheats/TGFX16-CD/Forgotten Worlds (SCD)(Jpn).zip": {"hash": "29808b9ad65a1835f9fefdea4639a8c9", "size": 679, "tags": [15, 22, 243], "zip_id": "cheats_folder_tgfx16-cd"}, "Cheats/TGFX16-CD/Forgotten Worlds (SCD)(USA).zip": {"hash": "f497891194c747af535d5fb9a72bf9b5", "size": 819, "tags": [15, 22, 243], "zip_id": "cheats_folder_tgfx16-cd"}, "Cheats/TGFX16-CD/Fray CD Xak Gaiden (SCD)(Jpn).zip": {"hash": "3ee5b9e96b4c6ef2e58f830689438518", "size": 1411, "tags": [15, 22, 243], "zip_id": "cheats_folder_tgfx16-cd"}, "Cheats/TGFX16-CD/Gain Ground SX (SCD)(Jpn).zip": {"hash": "3ba9a9e463ac0138176797a28eb7c64b", "size": 549, "tags": [15, 22, 243], "zip_id": "cheats_folder_tgfx16-cd"}, "Cheats/TGFX16-CD/Galaxy Deka Gayvan (SCD)(Jpn).zip": {"hash": "51b256622442dbc782a6cd94538b371d", "size": 719, "tags": [15, 22, 243], "zip_id": "cheats_folder_tgfx16-cd"}, "Cheats/TGFX16-CD/Garou Densetsu II - Aratanaru Tatakai - Sample Disc (ACD)(Jpn).zip": {"hash": "9514ff47258e6b42688bf6a86172e727", "size": 607, "tags": [15, 22, 243], "zip_id": "cheats_folder_tgfx16-cd"}, "Cheats/TGFX16-CD/Garou Densetsu II - Aratanaru Tatakai [Imperfect] (ACD)(Jpn).zip": {"hash": "c753fef719d1d662da0f5e8ae24f826a", "size": 688, "tags": [15, 22, 243], "zip_id": "cheats_folder_tgfx16-cd"}, "Cheats/TGFX16-CD/Garou Densetsu Special (ACD)(Jpn).zip": {"hash": "ec76d62fd43876b95682e1c827df08a5", "size": 1332, "tags": [15, 22, 243], "zip_id": "cheats_folder_tgfx16-cd"}, "Cheats/TGFX16-CD/Garou Densetsu Special - Simple Disc (ACD)(JPN).zip": {"hash": "24800b11c2670436ca5fa54739dd716d", "size": 1107, "tags": [15, 22, 243], "zip_id": "cheats_folder_tgfx16-cd"}, "Cheats/TGFX16-CD/Gate of Thunder (SCD)(Jpn).zip": {"hash": "64c48fc2f2d8120f12775e80119dd955", "size": 527, "tags": [15, 22, 243], "zip_id": "cheats_folder_tgfx16-cd"}, "Cheats/TGFX16-CD/Genocide (SCD)(Jpn).zip": {"hash": "d9b1220dac45b15d2d980935b0a6c958", "size": 245, "tags": [15, 22, 243], "zip_id": "cheats_folder_tgfx16-cd"}, "Cheats/TGFX16-CD/Gensou Tairiku Auleria (CD)(Jpn).zip": {"hash": "0206f63d79d38297c9f662fbfb8eb431", "size": 1301, "tags": [15, 22, 243], "zip_id": "cheats_folder_tgfx16-cd"}, "Cheats/TGFX16-CD/Ginga Fukei Densetsu Sapphire (ACD)(Jpn).zip": {"hash": "4ded14e3763a03136f828ca00af3f0b9", "size": 1553, "tags": [15, 22, 243], "zip_id": "cheats_folder_tgfx16-cd"}, "Cheats/TGFX16-CD/God Panic - Shijou Saikyou Gundan (SCD)(Jpn).zip": {"hash": "4401c9de0448f82f8a349f74b15f0904", "size": 655, "tags": [15, 22, 243], "zip_id": "cheats_folder_tgfx16-cd"}, "Cheats/TGFX16-CD/Godzilla (SCD)(USA).zip": {"hash": "6a6668b6bc5f9cb2712e0074e6cb3bb8", "size": 241, "tags": [15, 22, 243], "zip_id": "cheats_folder_tgfx16-cd"}, "Cheats/TGFX16-CD/Godzilla - Bakutou Retsuden (SCD)(Jpn).zip": {"hash": "632baf4d10351dc2674e7dab967e0bd1", "size": 386, "tags": [15, 22, 243], "zip_id": "cheats_folder_tgfx16-cd"}, "Cheats/TGFX16-CD/Golden Axe (CD)(Jpn).zip": {"hash": "14beedeacb519f41f179cdb52b4ed4c1", "size": 658, "tags": [15, 22, 243], "zip_id": "cheats_folder_tgfx16-cd"}, "Cheats/TGFX16-CD/Gotzendiener (SCD)(Jpn).zip": {"hash": "df46d2959f056ed3e2e07b1bb569408b", "size": 235, "tags": [15, 22, 243], "zip_id": "cheats_folder_tgfx16-cd"}, "Cheats/TGFX16-CD/Gradius II - Gofer no Yabou (SCD)(Jpn).zip": {"hash": "e3a16dd598501095eff67bf8f3a87ec4", "size": 1008, "tags": [15, 22, 243], "zip_id": "cheats_folder_tgfx16-cd"}, "Cheats/TGFX16-CD/Hawk F-123 (SCD)(Jpn).zip": {"hash": "e06e55ff119a8137b5c4d47d2b80d658", "size": 1161, "tags": [15, 22, 243], "zip_id": "cheats_folder_tgfx16-cd"}, "Cheats/TGFX16-CD/Hellfire S - The Another Story (CD)(Jpn).zip": {"hash": "bb0c01c2f45f1df000f1e7c26d95ef4a", "size": 369, "tags": [15, 22, 243], "zip_id": "cheats_folder_tgfx16-cd"}, "Cheats/TGFX16-CD/Hyper Dyne SideArms Special (CD)(Jpn).zip": {"hash": "67ed20e4ed99e85b2e6026b054bb1ed8", "size": 809, "tags": [15, 22, 243], "zip_id": "cheats_folder_tgfx16-cd"}, "Cheats/TGFX16-CD/Jim Power - In Mutant Planet (SCD)(Jpn).zip": {"hash": "771bdfb2a4df8ddb6dff03277bf0cb60", "size": 779, "tags": [15, 22, 243], "zip_id": "cheats_folder_tgfx16-cd"}, "Cheats/TGFX16-CD/Kaizou Choujin Shubibinman III - Ikai no Princess (CD)(Jpn).zip": {"hash": "a2f822c9fcdcc8f80d85518a2775baa7", "size": 543, "tags": [15, 22, 243], "zip_id": "cheats_folder_tgfx16-cd"}, "Cheats/TGFX16-CD/Kakutou Haou Densetsu Algunos (SCD)(Jpn).zip": {"hash": "9a87f87287c5e60cee8d4a3ccb8c8d9a", "size": 543, "tags": [15, 22, 243], "zip_id": "cheats_folder_tgfx16-cd"}, "Cheats/TGFX16-CD/Kaze Kiri - Ninja Action (SCD)(Jpn).zip": {"hash": "b01dcb5cfed22c45b4ee539d062844a7", "size": 1683, "tags": [15, 22, 243], "zip_id": "cheats_folder_tgfx16-cd"}, "Cheats/TGFX16-CD/Kaze no Densetsu Xanadu (SCD)(Jpn).zip": {"hash": "39616bb6c23e6cac2efe73b672342ace", "size": 818, "tags": [15, 22, 243], "zip_id": "cheats_folder_tgfx16-cd"}, "Cheats/TGFX16-CD/Kaze no Densetsu Xanadu II (SCD)(Jpn).zip": {"hash": "42fb41b5cd4d12c6827bfae0613e0b69", "size": 789, "tags": [15, 22, 243], "zip_id": "cheats_folder_tgfx16-cd"}, "Cheats/TGFX16-CD/Kiaidan 00 (SCD)(Jpn).zip": {"hash": "a54b6548450e18238effcd8823133ea4", "size": 235, "tags": [15, 22, 243], "zip_id": "cheats_folder_tgfx16-cd"}, "Cheats/TGFX16-CD/L-Dis (CD)(Jpn).zip": {"hash": "31b214038c4f6fa36e7d0d2a82edc8c8", "size": 243, "tags": [15, 22, 243], "zip_id": "cheats_folder_tgfx16-cd"}, "Cheats/TGFX16-CD/Last Alert (CD)(USA).zip": {"hash": "81cf355abd45809e93700fd9d141ec31", "size": 363, "tags": [15, 22, 243], "zip_id": "cheats_folder_tgfx16-cd"}, "Cheats/TGFX16-CD/Legion (CD)(Jpn).zip": {"hash": "1517bb2ef774f5c0146e8700526d5ca8", "size": 235, "tags": [15, 22, 243], "zip_id": "cheats_folder_tgfx16-cd"}, "Cheats/TGFX16-CD/Lords of Thunder (SCD)(USA).zip": {"hash": "13cb7755a165f6199bc56b8aee980573", "size": 919, "tags": [15, 22, 243], "zip_id": "cheats_folder_tgfx16-cd"}, "Cheats/TGFX16-CD/Mad Stalker - Full Metal Force (ACD)(Jpn).zip": {"hash": "be64a6d942081e4e43430b98de6bf8a6", "size": 405, "tags": [15, 22, 243], "zip_id": "cheats_folder_tgfx16-cd"}, "Cheats/TGFX16-CD/Magical Fantasy Adventure - Popful Mail (ACD, SCD)(Jpn).zip": {"hash": "f657ea51d0ab0526129b178925bba651", "size": 1940, "tags": [15, 22, 243], "zip_id": "cheats_folder_tgfx16-cd"}, "Cheats/TGFX16-CD/Martial Champion (SCD)(Jpn).zip": {"hash": "7990f0fa1ce88a97fe57b0f2cd9ddd76", "size": 411, "tags": [15, 22, 243], "zip_id": "cheats_folder_tgfx16-cd"}, "Cheats/TGFX16-CD/Meteor Blaster DX (SCD)(USA)[bad toc].zip": {"hash": "2d42e2739510120a4f1aeca1138c8253", "size": 373, "tags": [15, 22, 243], "zip_id": "cheats_folder_tgfx16-cd"}, "Cheats/TGFX16-CD/Monster Lair (CD)(USA).zip": {"hash": "4a381ff739e18bc467ec22627a84d9ec", "size": 991, "tags": [15, 22, 243], "zip_id": "cheats_folder_tgfx16-cd"}, "Cheats/TGFX16-CD/Monster Lair - Wonderboy III (CD)(Jpn).zip": {"hash": "be444674bc74e16594903fe23668c92a", "size": 525, "tags": [15, 22, 243], "zip_id": "cheats_folder_tgfx16-cd"}, "Cheats/TGFX16-CD/Mugen Senshi Valis - Legend of a Fantasm Soldier (SCD)(Jpn).zip": {"hash": "23d0b5801d821d4955d1ed1da5ab64a9", "size": 1802, "tags": [15, 22, 243], "zip_id": "cheats_folder_tgfx16-cd"}, "Cheats/TGFX16-CD/Mystic Formula (SCD)(Jpn).zip": {"hash": "8aa67f9fb14658e5a322d5333c41bd5d", "size": 711, "tags": [15, 22, 243], "zip_id": "cheats_folder_tgfx16-cd"}, "Cheats/TGFX16-CD/Neo Nectaris (SCD)(Jpn).zip": {"hash": "d85381ca571796b8e0053aa3587ebd04", "size": 246, "tags": [15, 22, 243], "zip_id": "cheats_folder_tgfx16-cd"}, "Cheats/TGFX16-CD/Pachio-kun - Warau Uchuu (SCD)(Jpn).zip": {"hash": "fd182bbde7dfee135879a1c95a0c68d2", "size": 281, "tags": [15, 22, 243], "zip_id": "cheats_folder_tgfx16-cd"}, "Cheats/TGFX16-CD/Princess Minerva (SCD)(Jpn).zip": {"hash": "f8d7b31fdfca814fb41ec902186c1aa3", "size": 587, "tags": [15, 22, 243], "zip_id": "cheats_folder_tgfx16-cd"}, "Cheats/TGFX16-CD/Psychic Storm (SCD)(Jpn).zip": {"hash": "621725f001500b8aca2dd36c5fe1369e", "size": 735, "tags": [15, 22, 243], "zip_id": "cheats_folder_tgfx16-cd"}, "Cheats/TGFX16-CD/R-Type Complete CD (SCD)(Jpn).zip": {"hash": "e6e0161fa393ccae915dbbe49d1d6e1e", "size": 381, "tags": [15, 22, 243], "zip_id": "cheats_folder_tgfx16-cd"}, "Cheats/TGFX16-CD/Ranma _  (CD)(Jpn).zip": {"hash": "2a7723e911f2e09528e5c833d8af013d", "size": 235, "tags": [15, 22, 243], "zip_id": "cheats_folder_tgfx16-cd"}, "Cheats/TGFX16-CD/Rayxanber II (CD)(Jpn).zip": {"hash": "8c81906afaa59ea08507fbc9cfebf6ef", "size": 369, "tags": [15, 22, 243], "zip_id": "cheats_folder_tgfx16-cd"}, "Cheats/TGFX16-CD/Red Alert (CD)(Jpn).zip": {"hash": "39bb1edd1bf87bd9af8feb361a5334dd", "size": 662, "tags": [15, 22, 243], "zip_id": "cheats_folder_tgfx16-cd"}, "Cheats/TGFX16-CD/Riot Zone (SCD)(USA).zip": {"hash": "8ce48534cfc8ae04540974c8cac462ad", "size": 371, "tags": [15, 22, 243], "zip_id": "cheats_folder_tgfx16-cd"}, "Cheats/TGFX16-CD/Seirei Senshi Spriggan (CD)(Jpn).zip": {"hash": "d7562d5e047f456543e683e9a5db991c", "size": 369, "tags": [15, 22, 243], "zip_id": "cheats_folder_tgfx16-cd"}, "Cheats/TGFX16-CD/Shadow of the Beast (SCD)(USA).zip": {"hash": "4d9fbdd06a5f536f504f96505ae62db0", "size": 375, "tags": [15, 22, 243], "zip_id": "cheats_folder_tgfx16-cd"}, "Cheats/TGFX16-CD/Shape Shifter (SCD)(USA).zip": {"hash": "e56732a9eea730525e43c7bcb0ef32ca", "size": 675, "tags": [15, 22, 243], "zip_id": "cheats_folder_tgfx16-cd"}, "Cheats/TGFX16-CD/Shin Megami Tensei (SCD)(Jpn).zip": {"hash": "dceec0673353b62d6de838759c71e5cf", "size": 269, "tags": [15, 22, 243], "zip_id": "cheats_folder_tgfx16-cd"}, "Cheats/TGFX16-CD/Sorcerian (SCD)(Jpn).zip": {"hash": "e3f405de67548b1d4ac0bc80ad0659d1", "size": 732, "tags": [15, 22, 243], "zip_id": "cheats_folder_tgfx16-cd"}, "Cheats/TGFX16-CD/Space Fantasy Zone [Prototype][Backup] (CD, SCD)(Jpn).zip": {"hash": "74599b3410bafd36e04c079348fe157a", "size": 502, "tags": [15, 22, 243], "zip_id": "cheats_folder_tgfx16-cd"}, "Cheats/TGFX16-CD/Spriggan Mark II - Re Terraform Project [Imperfect] (SCD)(Jpn).zip": {"hash": "e3e1f96d772965f04446c910e7a23f92", "size": 235, "tags": [15, 22, 243], "zip_id": "cheats_folder_tgfx16-cd"}, "Cheats/TGFX16-CD/Star Parodia (SCD)(Jpn).zip": {"hash": "e3d0f2063503ce65cd5b17c913c4e683", "size": 387, "tags": [15, 22, 243], "zip_id": "cheats_folder_tgfx16-cd"}, "Cheats/TGFX16-CD/Startling Odyssey II - Makyou Sensou (SCD)(Jpn).zip": {"hash": "f5afe8d8492eeb423e1f71f0d8bdaa01", "size": 2429, "tags": [15, 22, 243], "zip_id": "cheats_folder_tgfx16-cd"}, "Cheats/TGFX16-CD/Strider Hiryuu (ACD)(Jpn).zip": {"hash": "c2ca59d69683f764ea1baf7f01d721ff", "size": 1102, "tags": [15, 22, 243], "zip_id": "cheats_folder_tgfx16-cd"}, "Cheats/TGFX16-CD/Summer Carnival '92 - Alzadick (CD)(Jpn).zip": {"hash": "f715aa195f016599e469e5adce70aea4", "size": 231, "tags": [15, 22, 243], "zip_id": "cheats_folder_tgfx16-cd"}, "Cheats/TGFX16-CD/Summer Carnival '93 - Nexzr Special (SCD)(Jpn).zip": {"hash": "046d46fff56752ab8f970e3eede22990", "size": 231, "tags": [15, 22, 243], "zip_id": "cheats_folder_tgfx16-cd"}, "Cheats/TGFX16-CD/Super Darius (CD)(Jpn).zip": {"hash": "f8252fa6ec52aafa16b0be72063ca2aa", "size": 759, "tags": [15, 22, 243], "zip_id": "cheats_folder_tgfx16-cd"}, "Cheats/TGFX16-CD/Super Darius II (SCD)(Jpn).zip": {"hash": "440726c66d325d3f833f1b05116888bb", "size": 369, "tags": [15, 22, 243], "zip_id": "cheats_folder_tgfx16-cd"}, "Cheats/TGFX16-CD/Super Raiden (SCD)(Jpn).zip": {"hash": "ce1f4a3fdc59db76776ecfcaf06aea77", "size": 371, "tags": [15, 22, 243], "zip_id": "cheats_folder_tgfx16-cd"}, "Cheats/TGFX16-CD/Syd Mead's Terra Forming (CD, SCD)(USA).zip": {"hash": "aa04e6d4b1d69ee9d8daa22938c2c7c6", "size": 395, "tags": [15, 22, 243], "zip_id": "cheats_folder_tgfx16-cd"}, "Cheats/TGFX16-CD/Sylphia (SCD)(Jpn).zip": {"hash": "dd1029489dc4354fbc1ace621469bacc", "size": 235, "tags": [15, 22, 243], "zip_id": "cheats_folder_tgfx16-cd"}, "Cheats/TGFX16-CD/Tecmo World Cup Super Soccer (SCD)(Jpn).zip": {"hash": "cb9c57fdb436bc4d1a1cd7ea999dfc21", "size": 529, "tags": [15, 22, 243], "zip_id": "cheats_folder_tgfx16-cd"}, "Cheats/TGFX16-CD/Tenchi wo Kurau (SCD)(Jpn).zip": {"hash": "32cdc814c31987d71f520a340c707473", "size": 473, "tags": [15, 22, 243], "zip_id": "cheats_folder_tgfx16-cd"}, "Cheats/TGFX16-CD/Tengai Makyou - Kabuki Ittou Ryoudan (ACD)(Jpn).zip": {"hash": "3439453a8416c56c615dde2de5a00347", "size": 1132, "tags": [15, 22, 243], "zip_id": "cheats_folder_tgfx16-cd"}, "Cheats/TGFX16-CD/The Addams Family (CD)(USA).zip": {"hash": "644f222f3e7ec10b89eb3480f3d0cfbd", "size": 531, "tags": [15, 22, 243], "zip_id": "cheats_folder_tgfx16-cd"}, "Cheats/TGFX16-CD/The Dynastic Hero (SCD)(USA).zip": {"hash": "1863c64ddbdf9de237bbfd166c71b08f", "size": 418, "tags": [15, 22, 243], "zip_id": "cheats_folder_tgfx16-cd"}, "Cheats/TGFX16-CD/Travel Epuru (SCD)(Jpn).zip": {"hash": "85398ed1f5c2362477cd721f72fedd79", "size": 258, "tags": [15, 22, 243], "zip_id": "cheats_folder_tgfx16-cd"}, "Cheats/TGFX16-CD/Valis II (CD)(USA).zip": {"hash": "3a8613cb4ecc12034060a5afc86b8d14", "size": 752, "tags": [15, 22, 243], "zip_id": "cheats_folder_tgfx16-cd"}, "Cheats/TGFX16-CD/Valis III (CD)(USA).zip": {"hash": "9fd939c989573b6dedd5435c4805d519", "size": 1590, "tags": [15, 22, 243], "zip_id": "cheats_folder_tgfx16-cd"}, "Cheats/TGFX16-CD/Valis IV - The Fantasm Soldier (CD)(Jpn).zip": {"hash": "52a8ef0681b4486f3c90801d44fbe111", "size": 1677, "tags": [15, 22, 243], "zip_id": "cheats_folder_tgfx16-cd"}, "Cheats/TGFX16-CD/Vasteel (CD)(USA).zip": {"hash": "d9448b2d40ce903829131108820c49ff", "size": 717, "tags": [15, 22, 243], "zip_id": "cheats_folder_tgfx16-cd"}, "Cheats/TGFX16-CD/Winds of Thunder (SCD)(Jpn).zip": {"hash": "89121a6d73a6af78edfee626bc2d3993", "size": 493, "tags": [15, 22, 243], "zip_id": "cheats_folder_tgfx16-cd"}, "Cheats/TGFX16-CD/Wizardry I II (SCD)(Jpn).zip": {"hash": "01595e917291f38d91c73e80ea9f26a4", "size": 2138, "tags": [15, 22, 243], "zip_id": "cheats_folder_tgfx16-cd"}, "Cheats/TGFX16-CD/World Heroes II (ACD)(Jpn).zip": {"hash": "3ca9ba00d9af9b2f84e4de9e8d0bb3ba", "size": 910, "tags": [15, 22, 243], "zip_id": "cheats_folder_tgfx16-cd"}, "Cheats/TGFX16-CD/Wrestling Universe - Fire Pro Joshi - Dome Choujo Taisen - WOWOW vs. JWP (ACD)(Jpn).zip": {"hash": "94a96f422fafce5dfe93586bf78537c3", "size": 273, "tags": [15, 22, 243], "zip_id": "cheats_folder_tgfx16-cd"}, "Cheats/TGFX16-CD/Xak I II (SCD)(Jpn).zip": {"hash": "ff2edf62c4f1338e32646affbb9f9201", "size": 2624, "tags": [15, 22, 243], "zip_id": "cheats_folder_tgfx16-cd"}, "Cheats/TGFX16-CD/Xak III - The Eternal Recurrence (SCD)(Jpn).zip": {"hash": "86d2b4b3f4bab378682193f948521faf", "size": 961, "tags": [15, 22, 243], "zip_id": "cheats_folder_tgfx16-cd"}, "Cheats/TGFX16-CD/Ys Book I II (CD)(USA).zip": {"hash": "eb2f648ae4330e54beaf98298df24206", "size": 2017, "tags": [15, 22, 243], "zip_id": "cheats_folder_tgfx16-cd"}, "Cheats/TGFX16-CD/Ys III - Wanderers from Ys (CD)(USA).zip": {"hash": "2057983e63c8a7772d494502da2627c7", "size": 2370, "tags": [15, 22, 243], "zip_id": "cheats_folder_tgfx16-cd"}, "Cheats/TGFX16-CD/Ys IV - The Dawn of Ys (SCD)(Jpn, HCD3051-4-1108-R1F).zip": {"hash": "8a1807a2816ab955a7e7e48cfd99f15e", "size": 3460, "tags": [15, 22, 243], "zip_id": "cheats_folder_tgfx16-cd"}, "Cheats/TGFX16-CD/Yu Yu Hakusho (SCD)(Jpn).zip": {"hash": "cbd13f48ecae487d68a36b17a5d3f73f", "size": 403, "tags": [15, 22, 243], "zip_id": "cheats_folder_tgfx16-cd"}, "Cheats/TGFX16-CD/Zero Wing (CD)(Jpn).zip": {"hash": "57a2cb1a29917c46ebfb8d47f49d7c69", "size": 233, "tags": [15, 22, 243], "zip_id": "cheats_folder_tgfx16-cd"}}, "folders": {"Cheats": {"tags": [22, 243], "zip_id": "cheats_folder_tgfx16-cd"}, "Cheats/TGFX16-CD": {"tags": [15, 22, 243], "zip_id": "cheats_folder_tgfx16-cd"}}}