{"files": {"font/Arcade_Aero_Fighters_(Kaneko).pf": {"hash": "086e584519bbf899e43966e06f458a77", "size": 768, "tags": [250], "zip_id": "global_fonts"}, "font/Arcade_Afterburner_(Sega).pf": {"hash": "0f84b2581dfd24d190a61d3dec801925", "size": 768, "tags": [250], "zip_id": "global_fonts"}, "font/Arcade_Arabian_Magic_(Capcom).pf": {"hash": "bb491872288ec96baef05580a99cf594", "size": 768, "tags": [250], "zip_id": "global_fonts"}, "font/Arcade_ArmoredWarriors_(Capcom).pf": {"hash": "261a701d9e813ca924d80723ab03637a", "size": 768, "tags": [250], "zip_id": "global_fonts"}, "font/Arcade_Art_of_Fighting_2_(SNK).pf": {"hash": "43af3fa19c9c9c58ea6cb14d2daae713", "size": 768, "tags": [250], "zip_id": "global_fonts"}, "font/Arcade_Assault_(Namco).pf": {"hash": "8204acbda3d1bf4aa8a1dadf7b82bc98", "size": 768, "tags": [250], "zip_id": "global_fonts"}, "font/Arcade_Asterix_(Konami).pf": {"hash": "93d425990d621a180a9232f5d4dd8c37", "size": 768, "tags": [250], "zip_id": "global_fonts"}, "font/Arcade_Avengers_(Capcom).pf": {"hash": "fea5ef71a03045effb4f21ba98d427d8", "size": 768, "tags": [250], "zip_id": "global_fonts"}, "font/Arcade_Batsugun_(Toaplan).pf": {"hash": "c54d60c7b20855d1b1a1a6f1d0890371", "size": 768, "tags": [250], "zip_id": "global_fonts"}, "font/Arcade_BioShipPaladin_(UPL).pf": {"hash": "48a0d549b525823d243c9ebe9fc06fbf", "size": 768, "tags": [250], "zip_id": "global_fonts"}, "font/Arcade_Black_Tiger_(Capcom).pf": {"hash": "3d0a7423928a94cd32ae4df32a0471f5", "size": 768, "tags": [250], "zip_id": "global_fonts"}, "font/Arcade_Blazing_Star_(Yumekobo).pf": {"hash": "e594256a1bebeda28156cb7ce70497ec", "size": 768, "tags": [250], "zip_id": "global_fonts"}, "font/Arcade_Blood_Warrior_(Kaneko).pf": {"hash": "785664460c7cbc1b0828efbfb782853a", "size": 768, "tags": [250], "zip_id": "global_fonts"}, "font/Arcade_Bonanza_Bros_(Sega).pf": {"hash": "ed7341d49a4ecba4d693eec558de0104", "size": 768, "tags": [250], "zip_id": "global_fonts"}, "font/Arcade_Boogie_Wings_(Data_East).pf": {"hash": "fd4137c04b908e3a36d84d2854d16e34", "size": 768, "tags": [250], "zip_id": "global_fonts"}, "font/Arcade_Boulder_Dash_(Data_East).pf": {"hash": "e3f128adf9d6bd8174d003bd370a75bf", "size": 768, "tags": [250], "zip_id": "global_fonts"}, "font/Arcade_Bubble_Memories_Alien_(Taito).pf": {"hash": "9050131ce64b2372829db15751cd871b", "size": 768, "tags": [250], "zip_id": "global_fonts"}, "font/Arcade_Bubble_Symphony_(Taito).pf": {"hash": "e442937a81abc10a4bfa4843f92a96fc", "size": 768, "tags": [250], "zip_id": "global_fonts"}, "font/Arcade_Cameltry_(Taito).pf": {"hash": "5c902d2caa4cbfaf8d69efaa37098948", "size": 768, "tags": [250], "zip_id": "global_fonts"}, "font/Arcade_Captain_Sky_Hawk_(RARE).pf": {"hash": "edc8002c851bc161ca32b8eb97cee718", "size": 768, "tags": [250], "zip_id": "global_fonts"}, "font/Arcade_Cotton_(Sega_+_Success).pf": {"hash": "2c0e18a1f3c37167853a32757e0b0662", "size": 768, "tags": [250], "zip_id": "global_fonts"}, "font/Arcade_Cybattler_(Jaleco).pf": {"hash": "27ce8c30afaa215b76c757a64578e59e", "size": 768, "tags": [250], "zip_id": "global_fonts"}, "font/Arcade_Dance_Dance_Revolution_(Konami).pf": {"hash": "3897672af31650ddb822a8cae1581eea", "size": 768, "tags": [250], "zip_id": "global_fonts"}, "font/Arcade_Dangerous_Seed_(Namco).pf": {"hash": "1f4797ed4977046b577245264292297b", "size": 768, "tags": [250], "zip_id": "global_fonts"}, "font/Arcade_DoDonPachi_(Cave).pf": {"hash": "2c883eea034942abf14337678fe1d40a", "size": 768, "tags": [250], "zip_id": "global_fonts"}, "font/Arcade_Don_Doko_Don_(Taito).pf": {"hash": "bd9d48fcb9ed36eaceb1ca382b7358f4", "size": 768, "tags": [250], "zip_id": "global_fonts"}, "font/Arcade_Dragon_Breed_(Irem).pf": {"hash": "45469567b02bc4ca23c40623f03ab0c0", "size": 768, "tags": [250], "zip_id": "global_fonts"}, "font/Arcade_Dragon_Saber_(Namco).pf": {"hash": "78bff8d6a52c52048e15714afaeedca4", "size": 768, "tags": [250], "zip_id": "global_fonts"}, "font/Arcade_Dragon_Spirit_(Namco).pf": {"hash": "f94056921d04bb4d41669a9780193808", "size": 768, "tags": [250], "zip_id": "global_fonts"}, "font/Arcade_Dynamite_Dux_(Sega).pf": {"hash": "90626f93855149a93dec0675bcdbab6b", "size": 768, "tags": [250], "zip_id": "global_fonts"}, "font/Arcade_Fantasy_Zone_(Sega).pf": {"hash": "92a4e2466b6b032629dccfcffff40449", "size": 768, "tags": [250], "zip_id": "global_fonts"}, "font/Arcade_Final_Star_Force_(Tecmo).pf": {"hash": "c10fd01a2f8ee908fcdb9fe673e16117", "size": 768, "tags": [250], "zip_id": "global_fonts"}, "font/Arcade_Flak_Attack_(Konami).pf": {"hash": "2c75b3ed17b956cb140b2d8b9a7e5f73", "size": 768, "tags": [250], "zip_id": "global_fonts"}, "font/Arcade_Flying_Shark_(Taito).pf": {"hash": "3d13282ced18023c7cb0bf8fa4e64ec0", "size": 768, "tags": [250], "zip_id": "global_fonts"}, "font/Arcade_Gaiapolis_(Konami).pf": {"hash": "53269968289ce0eec29fc91ad88427a3", "size": 768, "tags": [250], "zip_id": "global_fonts"}, "font/Arcade_Gain_Ground_(Sega).pf": {"hash": "273f2887f432482dae00d13214c8745d", "size": 768, "tags": [250], "zip_id": "global_fonts"}, "font/Arcade_Garou_Densetsu_(SNK).pf": {"hash": "169108188cf49b08de3157f5ed57c1d1", "size": 768, "tags": [250], "zip_id": "global_fonts"}, "font/Arcade_Ghosts_n_Goblins_(Capcom).pf": {"hash": "0bcf50b7026cc8121a2bf4dc82dceb93", "size": 768, "tags": [250], "zip_id": "global_fonts"}, "font/Arcade_Ghouls_n_Ghosts_(Capcom).pf": {"hash": "2c586e07d0c5dd2317972d12593002aa", "size": 768, "tags": [250], "zip_id": "global_fonts"}, "font/Arcade_Gondomania_(Data_East).pf": {"hash": "008b896fb3080683d424133fc4097a68", "size": 768, "tags": [250], "zip_id": "global_fonts"}, "font/Arcade_Gradius.pf": {"hash": "f986f5c2686b1594d614e43a4f86127a", "size": 768, "tags": [250], "zip_id": "global_fonts"}, "font/Arcade_Gradius_2_(Konami).pf": {"hash": "fd61ce4c1468a06ccb8d5ea50b72700b", "size": 768, "tags": [250], "zip_id": "global_fonts"}, "font/Arcade_Gradius_3_(Konami).pf": {"hash": "b83ef0d4badc02e13c9248c098c0c3a7", "size": 768, "tags": [250], "zip_id": "global_fonts"}, "font/Arcade_Gradius_4_(Konami).pf": {"hash": "d4aff67f7376d0e30b46ffc7fd59ca21", "size": 768, "tags": [250], "zip_id": "global_fonts"}, "font/Arcade_Guardians_(Banpresto).pf": {"hash": "0ff6dad2c3c090bd1e69c511cffa14f1", "size": 768, "tags": [250], "zip_id": "global_fonts"}, "font/Arcade_GunBuster_(Taito).pf": {"hash": "ac0f0a32a5740366369524691866f961", "size": 768, "tags": [250], "zip_id": "global_fonts"}, "font/Arcade_GunNail_(NMK).pf": {"hash": "a8dc8209d793a7d437032f58dde8f699", "size": 768, "tags": [250], "zip_id": "global_fonts"}, "font/Arcade_Gun_Smoke_(Capcom).pf": {"hash": "eecb2175ba3f8ddaf40d90ef0a15cb09", "size": 768, "tags": [250], "zip_id": "global_fonts"}, "font/Arcade_Gyruss_(Konami).pf": {"hash": "088d7fbac56d0ce9b5d2d6975379e0d4", "size": 768, "tags": [250], "zip_id": "global_fonts"}, "font/Arcade_Hacha_Mecha_Fighter_(NMK).pf": {"hash": "25c15c53dc4f8a0351a85ebc3e28ca78", "size": 768, "tags": [250], "zip_id": "global_fonts"}, "font/Arcade_Hat_Trick_Hero_95_(Taito).pf": {"hash": "6994f3277c03d2e89f971a6cf7048819", "size": 768, "tags": [250], "zip_id": "global_fonts"}, "font/Arcade_Image_Fight_(IREM).pf": {"hash": "51652dcf43a03816eb246235de815ea4", "size": 768, "tags": [250], "zip_id": "global_fonts"}, "font/Arcade_Kiki_Kaikai_(Taito).pf": {"hash": "7e1d6a899ffeb4a03207e1c59a7134d3", "size": 768, "tags": [250], "zip_id": "global_fonts"}, "font/Arcade_King_of_Fighters_2000_(SNK).pf": {"hash": "88370e502bdbcea49aad6217ba848ef9", "size": 768, "tags": [250], "zip_id": "global_fonts"}, "font/Arcade_King_of_Fighters_2002_(SNK).pf": {"hash": "425f6d565a6b7d9f317fca41712103b2", "size": 768, "tags": [250], "zip_id": "global_fonts"}, "font/Arcade_King_of_Fighters_2003_(SNK).pf": {"hash": "4d8591b92b58ac9877b01f08b5db7752", "size": 768, "tags": [250], "zip_id": "global_fonts"}, "font/Arcade_King_of_Fighters_97_(SNK).pf": {"hash": "9f123f79d6f4a628b5783fb88f28b0c2", "size": 768, "tags": [250], "zip_id": "global_fonts"}, "font/Arcade_King_of_Fighters_97_Italic_(SNK).pf": {"hash": "e456c1559a231435aae973bb53c03493", "size": 768, "tags": [250], "zip_id": "global_fonts"}, "font/Arcade_Klax_(Atari).pf": {"hash": "41205be6700c14c7ed1c44cc8c5aa85c", "size": 768, "tags": [250], "zip_id": "global_fonts"}, "font/Arcade_Klax_Alternate_(Atari).pf": {"hash": "510799d0001f36026987c298544f0420", "size": 768, "tags": [250], "zip_id": "global_fonts"}, "font/Arcade_Last_Blade_2_(SNK).pf": {"hash": "a06bc36c53559e55f1cb6da12e2b4813", "size": 768, "tags": [250], "zip_id": "global_fonts"}, "font/Arcade_Last_Duel_(Capcom).pf": {"hash": "27322ee26d1cb8aedc7863159d42d2b8", "size": 768, "tags": [250], "zip_id": "global_fonts"}, "font/Arcade_Last_Resort_(SNK).pf": {"hash": "a98bc1582a095d5b4903be63562d8dbd", "size": 768, "tags": [250], "zip_id": "global_fonts"}, "font/Arcade_Legendary_Wings_(Capcom).pf": {"hash": "ee975018729ce4107c09f0585a9d8a5e", "size": 768, "tags": [250], "zip_id": "global_fonts"}, "font/Arcade_Light_Bringer_(Capcom).pf": {"hash": "2cab2550d0cc1b5dc6735d74b02205d6", "size": 768, "tags": [250], "zip_id": "global_fonts"}, "font/Arcade_Major_Title_(IREM).pf": {"hash": "ae18a7c24d2e651661c9a806df3076ca", "size": 768, "tags": [250], "zip_id": "global_fonts"}, "font/Arcade_Mars_Matrix_(Capcom).pf": {"hash": "c7317f8dca3e6808694c62d74016ccb4", "size": 768, "tags": [250], "zip_id": "global_fonts"}, "font/Arcade_Metal_Warriors_(Konami).pf": {"hash": "7de88d42bec2f43542865f0a3030162e", "size": 768, "tags": [250], "zip_id": "global_fonts"}, "font/Arcade_Monster_Mauler_(Konami).pf": {"hash": "847c310d695edd93b3c975bb90b82e4f", "size": 768, "tags": [250], "zip_id": "global_fonts"}, "font/Arcade_Mutant_Night_(UPL).pf": {"hash": "244b8fd4c9d50f093cd9b0fd85cf08bd", "size": 768, "tags": [250], "zip_id": "global_fonts"}, "font/Arcade_Namco_Classic.pf": {"hash": "94b14a20ede0299f5cbd51c646d385c3", "size": 768, "tags": [250], "zip_id": "global_fonts"}, "font/Arcade_Nebulas_Ray_(Namco).pf": {"hash": "c87988d2fa3b94f903d9b9974fbf0f2f", "size": 768, "tags": [250], "zip_id": "global_fonts"}, "font/Arcade_Ninja_Gaiden_(Tecmo).pf": {"hash": "1b97814f78ba0d93b16964ebd50b8520", "size": 768, "tags": [250], "zip_id": "global_fonts"}, "font/Arcade_Ninja_Masters_(ADK).pf": {"hash": "d840683fc3ce5deef448e4a695f564b8", "size": 768, "tags": [250], "zip_id": "global_fonts"}, "font/Arcade_Ninja_Spirit_(IREM).pf": {"hash": "6904a11b30b6e97a0308c47d86d9df58", "size": 768, "tags": [250], "zip_id": "global_fonts"}, "font/Arcade_Outfoxies_(Namco).pf": {"hash": "b86d818e34496144c16737eee9e29db3", "size": 768, "tags": [250], "zip_id": "global_fonts"}, "font/Arcade_Outfoxies_(Namco)_alt.pf": {"hash": "bff2885ce94035394aef5aa3ccbcd9cc", "size": 768, "tags": [250], "zip_id": "global_fonts"}, "font/Arcade_Pachinko_Sexy_Reaction_2_(Sammy).pf": {"hash": "b27bb6d873794fae0b0553a281f89508", "size": 768, "tags": [250], "zip_id": "global_fonts"}, "font/Arcade_Panic_Bomber_(Hudson).pf": {"hash": "8ecef6f39f8d256569611b757be77fc5", "size": 768, "tags": [250], "zip_id": "global_fonts"}, "font/Arcade_Parodius_(Konami).pf": {"hash": "3db9ad08c8f04761e51a1ecc2e6eb165", "size": 768, "tags": [250], "zip_id": "global_fonts"}, "font/Arcade_Pickford_Brothers.pf": {"hash": "41639e074146c07dceb44838aa5f116a", "size": 768, "tags": [250], "zip_id": "global_fonts"}, "font/Arcade_Pulstar_(Aicom).pf": {"hash": "1448d7baf3ec68b53f2b8881adf505f8", "size": 768, "tags": [250], "zip_id": "global_fonts"}, "font/Arcade_Puzzle_Bobble_(Taito).pf": {"hash": "90cac0b1834f1662335ab9e0b9980415", "size": 768, "tags": [250], "zip_id": "global_fonts"}, "font/Arcade_R_Type_(Irem).pf": {"hash": "6e933f46b665c9778b76d7279d80927f", "size": 768, "tags": [250], "zip_id": "global_fonts"}, "font/Arcade_R_Type_LEO_(Irem).pf": {"hash": "8c04a92ee836e4037d2e07f6ebe67ec5", "size": 768, "tags": [250], "zip_id": "global_fonts"}, "font/Arcade_Rapid_Hero_(MTC).pf": {"hash": "0d871ccc69a8db787c17afb6c5b1c422", "size": 768, "tags": [250], "zip_id": "global_fonts"}, "font/Arcade_RayForce_(Taito).pf": {"hash": "6d64501798fca203d1d33aab592cc9e3", "size": 768, "tags": [250], "zip_id": "global_fonts"}, "font/Arcade_Robotron_(Williams).pf": {"hash": "3c45e3942c9f7c8655a424f00f3a1daf", "size": 768, "tags": [250], "zip_id": "global_fonts"}, "font/Arcade_Rumba_Lumber_(Taito).pf": {"hash": "9c5a2252478d89709002eb0cf4fdfbcf", "size": 768, "tags": [250], "zip_id": "global_fonts"}, "font/Arcade_SDI_(Sega).pf": {"hash": "c206e2e936c348f06721694ce02e6588", "size": 768, "tags": [250], "zip_id": "global_fonts"}, "font/Arcade_Salamander_2_(Konami).pf": {"hash": "5c75343abb4260a085efdc10dfb35239", "size": 768, "tags": [250], "zip_id": "global_fonts"}, "font/Arcade_Samurai_Shodown_2_(SNK).pf": {"hash": "a05bbf9e73579bd6ac928d56413edd4e", "size": 768, "tags": [250], "zip_id": "global_fonts"}, "font/Arcade_Samurai_Shodown_3_(SNK).pf": {"hash": "341320b195c238376d1e917c5719c87f", "size": 768, "tags": [250], "zip_id": "global_fonts"}, "font/Arcade_Shinobi_(Sega).pf": {"hash": "8dd3114713622d1a493412fb2a5b45f2", "size": 768, "tags": [250], "zip_id": "global_fonts"}, "font/Arcade_Sky_Fox_(Nichibutsu).pf": {"hash": "e9681da114adbe707445ce64ddfd8590", "size": 768, "tags": [250], "zip_id": "global_fonts"}, "font/Arcade_Sky_Soldier_(SNK).pf": {"hash": "808267537a75d064675528a49265d0af", "size": 768, "tags": [250], "zip_id": "global_fonts"}, "font/Arcade_Snow_Bros_(Toaplan).pf": {"hash": "ca2a1b523637eea4840858e5e5bc9ec4", "size": 768, "tags": [250], "zip_id": "global_fonts"}, "font/Arcade_Soldam_(Data_East).pf": {"hash": "70b0be84b00cf53f0a54f0ba7cd0c772", "size": 768, "tags": [250], "zip_id": "global_fonts"}, "font/Arcade_Solomons_Key_(Tecmo).pf": {"hash": "0077b4be083819a205897a99604b157c", "size": 768, "tags": [250], "zip_id": "global_fonts"}, "font/Arcade_Speed_Rumbler_(Capcom).pf": {"hash": "2901784c5978439b92fc2613b5d6ab3e", "size": 768, "tags": [250], "zip_id": "global_fonts"}, "font/Arcade_Street_Fighter_II_(Capcom).pf": {"hash": "d20eacb832abc26f0f40490da87cf6bc", "size": 768, "tags": [250], "zip_id": "global_fonts"}, "font/Arcade_Street_Fighter_Zero_3_(Capcom).pf": {"hash": "8b40d729c945af7a1764f3b729d54aec", "size": 768, "tags": [250], "zip_id": "global_fonts"}, "font/Arcade_Super_Mario_Bros_3_(Nintendo).pf": {"hash": "dce5c3079be463ceea5938a656324d5f", "size": 768, "tags": [250], "zip_id": "global_fonts"}, "font/Arcade_Super_Street_Fighter_2_(Capcom).pf": {"hash": "1ed1ca52929ebd93dad3d54f2db057c4", "size": 768, "tags": [250], "zip_id": "global_fonts"}, "font/Arcade_Tatakae_Big_Fighter_(Nichibutsu).pf": {"hash": "88c70bf841229ed94793b86167985a2f", "size": 768, "tags": [250], "zip_id": "global_fonts"}, "font/Arcade_Terra_Force_(Nichibutsu).pf": {"hash": "c51ff1f768ead2f63621efd30db33c14", "size": 768, "tags": [250], "zip_id": "global_fonts"}, "font/Arcade_Tetris_(Sega).pf": {"hash": "4b45073ba22bf6c32c74b54ae425f44a", "size": 768, "tags": [250], "zip_id": "global_fonts"}, "font/Arcade_The_Simpsons_(Konami).pf": {"hash": "e532c86fe00c07b17c5e42992364207e", "size": 768, "tags": [250], "zip_id": "global_fonts"}, "font/Arcade_Time_Pilot_84_(Konami).pf": {"hash": "cef3641b692aa0fee1be059c6940a71b", "size": 768, "tags": [250], "zip_id": "global_fonts"}, "font/Arcade_Time_Soldiers_(ADK).pf": {"hash": "28252aea701bd8a438d8e11fbbe9dff9", "size": 768, "tags": [250], "zip_id": "global_fonts"}, "font/Arcade_Top_Ranking_Stars_(Taito).pf": {"hash": "9561e5b9b4199111d709c441d65dd24b", "size": 768, "tags": [250], "zip_id": "global_fonts"}, "font/Arcade_Truxton_(Toaplan).pf": {"hash": "98279540bb7b97f3b76825e5573b883a", "size": 768, "tags": [250], "zip_id": "global_fonts"}, "font/Arcade_Twin_Cobra_(Toaplan).pf": {"hash": "e36c0b69024b94375337696daf4e64c4", "size": 768, "tags": [250], "zip_id": "global_fonts"}, "font/Arcade_Twin_Cobra_II_(Taito).pf": {"hash": "15f68ff8e73946dd676ca8068e03b899", "size": 768, "tags": [250], "zip_id": "global_fonts"}, "font/Arcade_Twin_Qix_(Taito).pf": {"hash": "74009e5bc086891d827a30202e295710", "size": 768, "tags": [250], "zip_id": "global_fonts"}, "font/Arcade_Victory_Road_(SNK).pf": {"hash": "b3d9511879ae7628ba94c88b5d55970c", "size": 768, "tags": [250], "zip_id": "global_fonts"}, "font/Arcade_Willow_(Capcom).pf": {"hash": "3136b8e4a3aac2247e614608a3cec2e6", "size": 768, "tags": [250], "zip_id": "global_fonts"}, "font/Arcade_Xexex_(Konami).pf": {"hash": "85f215fdedb40777349168d82bdf69f1", "size": 768, "tags": [250], "zip_id": "global_fonts"}, "font/Computer_AMI_BIOS.pf": {"hash": "9477f94d97d17d0f743044c2e13c554f", "size": 768, "tags": [250], "zip_id": "global_fonts"}, "font/Computer_ATI_8x8.pf": {"hash": "bea41a9ef4d97ede61c051f7ecf0fda4", "size": 768, "tags": [250], "zip_id": "global_fonts"}, "font/Computer_Amiga-Topaz.pf": {"hash": "42adaa5006f7063a525fe7c5eb09c4da", "size": 768, "tags": [250], "zip_id": "global_fonts"}, "font/Computer_AmigaKS1.x.pf": {"hash": "0fc1a7e45d12e30aeda9bb266cc3d151", "size": 768, "tags": [250], "zip_id": "global_fonts"}, "font/Computer_AmigaKS2.x.pf": {"hash": "91487b9595f628ec6f3a5eff26a252f6", "size": 768, "tags": [250], "zip_id": "global_fonts"}, "font/Computer_AmstradPC1512.pf": {"hash": "83eda78315531f69500b8d34fd9152b7", "size": 768, "tags": [250], "zip_id": "global_fonts"}, "font/Computer_Amstrad_CPC.pf": {"hash": "98e6aa7972df70e62e1a7a559bc1aef3", "size": 768, "tags": [250], "zip_id": "global_fonts"}, "font/Computer_Apple_II.pf": {"hash": "17b0e71b7417d6ae5fde9f861d73fe1f", "size": 768, "tags": [250], "zip_id": "global_fonts"}, "font/Computer_Apple_IIGS.pf": {"hash": "b53efa033435f8e31342bc25d9291408", "size": 768, "tags": [250], "zip_id": "global_fonts"}, "font/Computer_Atari8.pf": {"hash": "09c1b57ae01cc9c1de41fd7f1bfc31e1", "size": 768, "tags": [250], "zip_id": "global_fonts"}, "font/Computer_Atari8_HOHL.pf": {"hash": "ac534d3784af79142aa407e1c705c9bf", "size": 1208, "tags": [250], "zip_id": "global_fonts"}, "font/Computer_Atari8_Script.pf": {"hash": "2459389f9ffe5aaaa26c1744cb918b00", "size": 1208, "tags": [250], "zip_id": "global_fonts"}, "font/Computer_Atari_ST.pf": {"hash": "8fc1df259fcc4c5901738a3bbd2b302e", "size": 768, "tags": [250], "zip_id": "global_fonts"}, "font/Computer_BBC.pf": {"hash": "0f2ee69b256a3ef704efb63140c60b56", "size": 768, "tags": [250], "zip_id": "global_fonts"}, "font/Computer_C64.pf": {"hash": "08f25db35db27e0462874605f1ad15e8", "size": 1120, "tags": [250], "zip_id": "global_fonts"}, "font/Computer_C64_Hyper_Sports_A.pf": {"hash": "d4dbd4380f9e60866a09e44ecb2abd3f", "size": 1208, "tags": [250], "zip_id": "global_fonts"}, "font/Computer_CompaqThin_8x8.pf": {"hash": "9a2ff4b7ec508bcbc0cc00724922b3b5", "size": 768, "tags": [250], "zip_id": "global_fonts"}, "font/Computer_DTK_BIOS.pf": {"hash": "2016ddf9581f5f9dd5aa65b7fc553eb9", "size": 768, "tags": [250], "zip_id": "global_fonts"}, "font/Computer_IBM_BIOS.pf": {"hash": "92d905b9a04fda25995478fe1512aee0", "size": 768, "tags": [250], "zip_id": "global_fonts"}, "font/Computer_IBM_CGA.pf": {"hash": "cfabb5064fcc646188213322830669c5", "size": 768, "tags": [250], "zip_id": "global_fonts"}, "font/Computer_IBM_CGAthin.pf": {"hash": "d9a0410e4f5b471847d1df678929e26d", "size": 768, "tags": [250], "zip_id": "global_fonts"}, "font/Computer_IBM_Conv.pf": {"hash": "518059828217f7a7c6b788608b3e12e8", "size": 768, "tags": [250], "zip_id": "global_fonts"}, "font/Computer_ITT_BIOS.pf": {"hash": "8ef818db2911211184fbce5c2b35612b", "size": 768, "tags": [250], "zip_id": "global_fonts"}, "font/Computer_Kaypro2K.pf": {"hash": "24a696d61161305350bc3abb7ced6866", "size": 768, "tags": [250], "zip_id": "global_fonts"}, "font/Computer_MSX.pf": {"hash": "73a2656c5b57cefd9f5974e9e91ec32d", "size": 1120, "tags": [250], "zip_id": "global_fonts"}, "font/Computer_PET.pf": {"hash": "e501ef48a887360e19420b2dfd177fef", "size": 768, "tags": [250], "zip_id": "global_fonts"}, "font/Computer_PhoenixEGA_8x8.pf": {"hash": "673f0962a6e335a29db978755cd167d3", "size": 768, "tags": [250], "zip_id": "global_fonts"}, "font/Computer_Phoenix_BIOS.pf": {"hash": "adbb72143aef38806a6e7f5ba95169fa", "size": 768, "tags": [250], "zip_id": "global_fonts"}, "font/Computer_TandyNew_TV.pf": {"hash": "324cd7cb9efec480dee5de0ca4d016e2", "size": 768, "tags": [250], "zip_id": "global_fonts"}, "font/Computer_TandyOld_TV.pf": {"hash": "39c960ad656075e0ca2e7642275f859a", "size": 768, "tags": [250], "zip_id": "global_fonts"}, "font/Computer_ToshibaLCD_8x8.pf": {"hash": "a24f367e8ca2158a61d7a7fe1d4a6c1a", "size": 768, "tags": [250], "zip_id": "global_fonts"}, "font/Computer_VTech_BIOS.pf": {"hash": "d8d8c3e1873834dedd588507d02b8326", "size": 768, "tags": [250], "zip_id": "global_fonts"}, "font/Computer_Verite_8x8.pf": {"hash": "856684393c2606dbc1dc775db49610bf", "size": 768, "tags": [250], "zip_id": "global_fonts"}, "font/Computer_ZXSpectrum.pf": {"hash": "f236f58c82e67438dab1533509a48623", "size": 768, "tags": [250], "zip_id": "global_fonts"}, "font/Default.pf": {"hash": "cbc5354540329b071f9124299bc6553c", "size": 1208, "tags": [250], "zip_id": "global_fonts"}, "font/Default_rotated-left.pf": {"hash": "01b089bd0b15864929819adb32a50348", "size": 1208, "tags": [250], "zip_id": "global_fonts"}, "font/ImpulseTracker_BINGO.pf": {"hash": "ff1ce2dc3953b73e7710dee2af935ed0", "size": 1208, "tags": [250], "zip_id": "global_fonts"}, "font/ImpulseTracker_Default.pf": {"hash": "bbdeb688f80e3fc7a682ed6db3fe17a1", "size": 1016, "tags": [250], "zip_id": "global_fonts"}, "font/ImpulseTracker_EK-ALTAI.pf": {"hash": "d69695cbd95b7ab44a240aaed7366933", "size": 1208, "tags": [250], "zip_id": "global_fonts"}, "font/ImpulseTracker_EK-ANGLE.pf": {"hash": "1a74c6a7aa7430a03c089b11d2045366", "size": 1208, "tags": [250], "zip_id": "global_fonts"}, "font/ImpulseTracker_EK-BEANS.pf": {"hash": "13373a2c87e27d077dfde8aa9eeb898c", "size": 1208, "tags": [250], "zip_id": "global_fonts"}, "font/ImpulseTracker_EK-LOSS.pf": {"hash": "38016a2834cc3e139e85c715407967e7", "size": 1208, "tags": [250], "zip_id": "global_fonts"}, "font/ImpulseTracker_EK-PIPED.pf": {"hash": "551f16f124e5fdc6ea2977712d3c0da2", "size": 1208, "tags": [250], "zip_id": "global_fonts"}, "font/ImpulseTracker_EK-PIPER.pf": {"hash": "e0da8d68304c78bca47de992547adf24", "size": 1208, "tags": [250], "zip_id": "global_fonts"}, "font/ImpulseTracker_EK-RACER.pf": {"hash": "7362eb9f2255e029c2a25e4c462844f3", "size": 1208, "tags": [250], "zip_id": "global_fonts"}, "font/ImpulseTracker_EK-RIVET.pf": {"hash": "e18387f48170b294bd787f3f671834f5", "size": 1208, "tags": [250], "zip_id": "global_fonts"}, "font/ImpulseTracker_EK-SKOOL.pf": {"hash": "62bb29a7d3da87de15d067e4923902e0", "size": 1208, "tags": [250], "zip_id": "global_fonts"}, "font/ImpulseTracker_EK-SLIDE.pf": {"hash": "99fa7f3d4966b7fa63415131e60eb69c", "size": 1208, "tags": [250], "zip_id": "global_fonts"}, "font/ImpulseTracker_EK-SOLST.pf": {"hash": "43175cec444e5d7cb8bfe3d473241b84", "size": 1208, "tags": [250], "zip_id": "global_fonts"}, "font/ImpulseTracker_EK-SPACE.pf": {"hash": "3f5c8fa00acc4123e98bed7e9f8182e6", "size": 1208, "tags": [250], "zip_id": "global_fonts"}, "font/ImpulseTracker_EK-TEK.pf": {"hash": "ec03b208fdaa4ebe00484a2480e7b401", "size": 1208, "tags": [250], "zip_id": "global_fonts"}, "font/ImpulseTracker_EK-TEMP.pf": {"hash": "700e22b20f26adb46d4e76146fa34d3d", "size": 1208, "tags": [250], "zip_id": "global_fonts"}, "font/ImpulseTracker_EK-TI81.pf": {"hash": "61b28b151540025d0c9c171fadcd06a9", "size": 1208, "tags": [250], "zip_id": "global_fonts"}, "font/ImpulseTracker_EK-TI994.pf": {"hash": "c774fe3c0c342a69b8c3620dd98efeab", "size": 1208, "tags": [250], "zip_id": "global_fonts"}, "font/ImpulseTracker_EK-VGAME.pf": {"hash": "c34d7e8aadce1d2cb278b46544598a9b", "size": 1208, "tags": [250], "zip_id": "global_fonts"}, "font/ImpulseTracker_EK-WINTR.pf": {"hash": "b4b7d843ba9cfb2719dee1a27545c1a0", "size": 1208, "tags": [250], "zip_id": "global_fonts"}, "font/ImpulseTracker_EK-ZELDA.pf": {"hash": "e0171aaf332d647755a95dfebfa8aafa", "size": 1208, "tags": [250], "zip_id": "global_fonts"}, "font/MilkyTracker_ARIEL.pf": {"hash": "0740aa33cfe3534cbbc87eeebc270261", "size": 768, "tags": [250], "zip_id": "global_fonts"}, "font/MilkyTracker_DISORDERTRACKER2.pf": {"hash": "126f41157b7bd45617361f3d0efc1866", "size": 768, "tags": [250], "zip_id": "global_fonts"}, "font/MilkyTracker_DX-FUTUR.pf": {"hash": "0f9f74a5d626bae70c90ee48baeb27e1", "size": 768, "tags": [250], "zip_id": "global_fonts"}, "font/MilkyTracker_EK-MAC.pf": {"hash": "c2763e57932b3cf865328a38280a49b8", "size": 768, "tags": [250], "zip_id": "global_fonts"}, "font/MilkyTracker_EK-SPACE.pf": {"hash": "a5c89978599a868c6bc869905c252ce0", "size": 768, "tags": [250], "zip_id": "global_fonts"}, "font/MilkyTracker_FINELINE.pf": {"hash": "a7ddff96be1e1799ecfa73cba8af6d03", "size": 768, "tags": [250], "zip_id": "global_fonts"}, "font/MilkyTracker_FN-ICE.pf": {"hash": "48a8d8599bae0f443747d617b0d7658a", "size": 768, "tags": [250], "zip_id": "global_fonts"}, "font/MilkyTracker_FN-LOWER.pf": {"hash": "c660ebb7e9502f538bd8c1a132e125e7", "size": 768, "tags": [250], "zip_id": "global_fonts"}, "font/MilkyTracker_FN-ROUND.pf": {"hash": "623122332f90de68267ee733c2e248c4", "size": 768, "tags": [250], "zip_id": "global_fonts"}, "font/MilkyTracker_GRAFPAPR.pf": {"hash": "7b33d8629e36d41d6fcbe9108e62f4bc", "size": 768, "tags": [250], "zip_id": "global_fonts"}, "font/MilkyTracker_GTHS-BUG.pf": {"hash": "bea207945bb16ad0a3deb9c42767b9a0", "size": 768, "tags": [250], "zip_id": "global_fonts"}, "font/MilkyTracker_IDC-Harmonica.pf": {"hash": "8869bde3359cef212b291ab84887aca8", "size": 768, "tags": [250], "zip_id": "global_fonts"}, "font/MilkyTracker_IDC-Hoodlum.pf": {"hash": "0a7a49f1ecfce8b97340cd11fc5f28f3", "size": 768, "tags": [250], "zip_id": "global_fonts"}, "font/MilkyTracker_IDC-MicroKnight.pf": {"hash": "079ba3962c1bfbc6aecdcd2df4e976f7", "size": 768, "tags": [250], "zip_id": "global_fonts"}, "font/MilkyTracker_IDC-Topaz13.pf": {"hash": "fd0611b4824711360152bc025f48a0fa", "size": 768, "tags": [250], "zip_id": "global_fonts"}, "font/MilkyTracker_IDC-Topaz20.pf": {"hash": "1ec30a56d48487e07572e79034640453", "size": 768, "tags": [250], "zip_id": "global_fonts"}, "font/MilkyTracker_J-CURSE.pf": {"hash": "c7b5c18293cea1bc402439e5f2a3a690", "size": 768, "tags": [250], "zip_id": "global_fonts"}, "font/MilkyTracker_J-ELECTR.pf": {"hash": "a4a16872e6d396eb7e95f46fd3da32bf", "size": 768, "tags": [250], "zip_id": "global_fonts"}, "font/MilkyTracker_J-FLUX.pf": {"hash": "5aa2d03d6f83cb6e04a31ef4d8c2a726", "size": 768, "tags": [250], "zip_id": "global_fonts"}, "font/MilkyTracker_J-TERMO.pf": {"hash": "935194f7c5aee682010d278d1665cffd", "size": 768, "tags": [250], "zip_id": "global_fonts"}, "font/MilkyTracker_KANAFONT.pf": {"hash": "650904a52fe402691f9d7bf22c0e9c04", "size": 768, "tags": [250], "zip_id": "global_fonts"}, "font/MilkyTracker_MOTIF.pf": {"hash": "f54b79c95e8942d1ac9a972acbaeea87", "size": 768, "tags": [250], "zip_id": "global_fonts"}, "font/MilkyTracker_NOTCH.pf": {"hash": "1ad2b4315b97703a4ab89f8dac99fcd9", "size": 768, "tags": [250], "zip_id": "global_fonts"}, "font/MilkyTracker_PEANUT.pf": {"hash": "dd03ad79d456621bd9df0d324c17ac9d", "size": 768, "tags": [250], "zip_id": "global_fonts"}, "font/MilkyTracker_PERISOFT.pf": {"hash": "d72f680d205fff8cf3194c94da515a10", "size": 768, "tags": [250], "zip_id": "global_fonts"}, "font/MilkyTracker_REZ-ASCII.pf": {"hash": "b4e4fde9bb48301c8e804e879e0e5131", "size": 768, "tags": [250], "zip_id": "global_fonts"}, "font/MilkyTracker_SCRIPT.pf": {"hash": "f7bebb5811792610adf0599b15602246", "size": 768, "tags": [250], "zip_id": "global_fonts"}, "font/MilkyTracker_SMALLCAP.pf": {"hash": "d98254db1241ba2afd0ca912eeeeee71", "size": 768, "tags": [250], "zip_id": "global_fonts"}, "font/MilkyTracker_THICK.pf": {"hash": "26f9d4ffdfc466cac10ae5f947562acf", "size": 768, "tags": [250], "zip_id": "global_fonts"}, "font/MilkyTracker_XTSAMP.pf": {"hash": "6ab34d14beb99c3a0a8372b5ff328af4", "size": 768, "tags": [250], "zip_id": "global_fonts"}, "font/MilkyTracker_ZERO.pf": {"hash": "1f2239c55606b907feb23c2653935142", "size": 768, "tags": [250], "zip_id": "global_fonts"}, "font/MilkyTracker_ZIRCFONT.pf": {"hash": "b8bd0452e46926285789cbb4e46e8463", "size": 768, "tags": [250], "zip_id": "global_fonts"}, "font/Misc_4x8.pf": {"hash": "c6c494b63527429b63a4a59a6e339f7e", "size": 768, "tags": [250], "zip_id": "global_fonts"}, "font/Misc_8bit.pf": {"hash": "5df61ddd8bd5ab9e4c1d034bf3940465", "size": 1120, "tags": [250], "zip_id": "global_fonts"}, "font/Misc_Air_Fortress.pf": {"hash": "9780998e1546a99133a40ffc3f08fa33", "size": 768, "tags": [250], "zip_id": "global_fonts"}, "font/Misc_Batman.pf": {"hash": "7c0a7e1868a947d9c0b6ed1b83f1bd63", "size": 768, "tags": [250], "zip_id": "global_fonts"}, "font/Misc_Bionic_Commando.pf": {"hash": "239dd753bf59bf4b3364b13fddbb8c7e", "size": 768, "tags": [250], "zip_id": "global_fonts"}, "font/Misc_Bonk.pf": {"hash": "f2de5e30aa42cba38006c8f1452df7fd", "size": 768, "tags": [250], "zip_id": "global_fonts"}, "font/Misc_Broderbund_Software.pf": {"hash": "7f1f906b6d9864cb14f02c04daa28481", "size": 1208, "tags": [250], "zip_id": "global_fonts"}, "font/Misc_Burger_Time.pf": {"hash": "66f3f64f1f670ce5655fc55eeefb6444", "size": 768, "tags": [250], "zip_id": "global_fonts"}, "font/Misc_CHEVYRAY-Baby_Blocks.pf": {"hash": "bfa0ad404b90c995cfcabd32e2a76639", "size": 768, "tags": [250], "zip_id": "global_fonts"}, "font/Misc_CHEVYRAY-Bird_Seed.pf": {"hash": "2c7ef46d280a11e27f052d98a9806de9", "size": 768, "tags": [250], "zip_id": "global_fonts"}, "font/Misc_CHEVYRAY-Chocolate-a.pf": {"hash": "7fa89b171d2ec5a9d947d70a2c5f0ac9", "size": 768, "tags": [250], "zip_id": "global_fonts"}, "font/Misc_CHEVYRAY-Chocolate-b.pf": {"hash": "6db4a76e79f25f9d92d70e85119d6bf2", "size": 768, "tags": [250], "zip_id": "global_fonts"}, "font/Misc_CHEVYRAY-Crates.pf": {"hash": "7b678b3df782b83c2b2a77e28c602b2b", "size": 768, "tags": [250], "zip_id": "global_fonts"}, "font/Misc_CHEVYRAY-Express.pf": {"hash": "4e100855cf90bdbae6080635382464c9", "size": 768, "tags": [250], "zip_id": "global_fonts"}, "font/Misc_CHEVYRAY-Lantern.pf": {"hash": "41bbc450b4aeee641cc3ae0873efa03c", "size": 768, "tags": [250], "zip_id": "global_fonts"}, "font/Misc_CHEVYRAY-Little_League.pf": {"hash": "b1f72cd4d77e441f56ed042ca32ecaae", "size": 768, "tags": [250], "zip_id": "global_fonts"}, "font/Misc_CHEVYRAY-Picory.pf": {"hash": "76ae52bd8747713b82917f83107618df", "size": 768, "tags": [250], "zip_id": "global_fonts"}, "font/Misc_CHEVYRAY-Pinch.pf": {"hash": "b547fe780b7e4e9725c170dfc5749298", "size": 768, "tags": [250], "zip_id": "global_fonts"}, "font/Misc_CHEVYRAY-Rise.pf": {"hash": "15158a6fbe8464dfbc84bb88dd4ea52f", "size": 768, "tags": [250], "zip_id": "global_fonts"}, "font/Misc_CHEVYRAY-Skullboy.pf": {"hash": "57ed67c18ceabff0fa585f77039d9815", "size": 768, "tags": [250], "zip_id": "global_fonts"}, "font/Misc_CHEVYRAY-Softsquare.pf": {"hash": "54a72a4513f941b8bde1f24ade7b7ddc", "size": 768, "tags": [250], "zip_id": "global_fonts"}, "font/Misc_CHEVYRAY-Space_Loot.pf": {"hash": "dfb531dcf5bfb0b7e3798b18ddf1645d", "size": 768, "tags": [250], "zip_id": "global_fonts"}, "font/Misc_CHEVYRAY-Stapler.pf": {"hash": "cdc6dfac817cd8f95061328828773b43", "size": 768, "tags": [250], "zip_id": "global_fonts"}, "font/Misc_CHEVYRAY-Tentown.pf": {"hash": "050abfaa8788d81bc52227ece5de8868", "size": 768, "tags": [250], "zip_id": "global_fonts"}, "font/Misc_CHEVYRAY-Thicket.pf": {"hash": "7777c0123c49f8032a2d78dab17fba7b", "size": 768, "tags": [250], "zip_id": "global_fonts"}, "font/Misc_CHEVYRAY-Thinstix.pf": {"hash": "abffdc31949446e77b5f68de4739fa27", "size": 768, "tags": [250], "zip_id": "global_fonts"}, "font/Misc_CHEVYRAY-Vector.pf": {"hash": "6710204e45e7c7f23a09dece820564ba", "size": 768, "tags": [250], "zip_id": "global_fonts"}, "font/Misc_Cheepicus.pf": {"hash": "f7d187586406834376c821022be1b213", "size": 768, "tags": [250], "zip_id": "global_fonts"}, "font/Misc_Chicago-Mono.pf": {"hash": "7689ede6cbd2097e22db9aee02b99dec", "size": 768, "tags": [250], "zip_id": "global_fonts"}, "font/Misc_Chicago-Oblique.pf": {"hash": "fbff6739c2eb888d34959c7b5fe3f2b9", "size": 768, "tags": [250], "zip_id": "global_fonts"}, "font/Misc_Chicago.pf": {"hash": "3eb7cfe3785df000a3bd474e280c1af9", "size": 768, "tags": [250], "zip_id": "global_fonts"}, "font/Misc_Code_Name_Viper.pf": {"hash": "25a6bc09be9fdfb4f50139f32c0475ed", "size": 768, "tags": [250], "zip_id": "global_fonts"}, "font/Misc_Console_Dullard.pf": {"hash": "92eb84b4e92c056aaeabadc25825eac5", "size": 768, "tags": [250], "zip_id": "global_fonts"}, "font/Misc_DMG-Sans-v01.pf": {"hash": "09cc1cdc905a517c6d5af7c207f2b2b2", "size": 768, "tags": [250], "zip_id": "global_fonts"}, "font/Misc_Dragon_Warrior.pf": {"hash": "c77e24928ec16bc07a1827cd518754e0", "size": 1280, "tags": [250], "zip_id": "global_fonts"}, "font/Misc_Earthboundish.pf": {"hash": "562410f248fbc6db2fa5773624a4ccd4", "size": 768, "tags": [250], "zip_id": "global_fonts"}, "font/Misc_Family_Picross.pf": {"hash": "01f451286e030cf0e32b4925e0462a62", "size": 768, "tags": [250], "zip_id": "global_fonts"}, "font/Misc_Fantasy_Zone.pf": {"hash": "3e4d6971d23a71e5246950b7e3ec4e69", "size": 768, "tags": [250], "zip_id": "global_fonts"}, "font/Misc_Faxanadu.pf": {"hash": "e491dc70981dabd28e596340481db908", "size": 768, "tags": [250], "zip_id": "global_fonts"}, "font/Misc_Faxanadu_Caps.pf": {"hash": "b48da492dbc9c4ecb59668d2d7876161", "size": 768, "tags": [250], "zip_id": "global_fonts"}, "font/Misc_Final_Fantasy.pf": {"hash": "fef9fabcebd05b30fd681436b4132412", "size": 1208, "tags": [250], "zip_id": "global_fonts"}, "font/Misc_GBA-Multiboot.pf": {"hash": "242c46f66cb3b02c2f275746e95b2f1d", "size": 768, "tags": [250], "zip_id": "global_fonts"}, "font/Misc_Gujaratic.pf": {"hash": "be0973cb23e4a69f99dedb3be17f6438", "size": 768, "tags": [250], "zip_id": "global_fonts"}, "font/Misc_Hydlide_II.pf": {"hash": "c307192b8641460b600090b7300f6504", "size": 768, "tags": [250], "zip_id": "global_fonts"}, "font/Misc_Kevtris.pf": {"hash": "9679ce4e0c332d029f5fb6228017eb8d", "size": 768, "tags": [250], "zip_id": "global_fonts"}, "font/Misc_Kid_Icarus.pf": {"hash": "0aba7fd47745e6f25a3c6a5682af8cd7", "size": 768, "tags": [250], "zip_id": "global_fonts"}, "font/Misc_Kirby.pf": {"hash": "dc97bf44d9082e1ca2d74d1cfc8b8378", "size": 768, "tags": [250], "zip_id": "global_fonts"}, "font/Misc_Mega_Man_9.pf": {"hash": "e49ee92d45accffd2dd76335deb30ed9", "size": 768, "tags": [250], "zip_id": "global_fonts"}, "font/Misc_Metroid.pf": {"hash": "fdff7c56df8b58890713f58ffb09f727", "size": 768, "tags": [250], "zip_id": "global_fonts"}, "font/Misc_Min.pf": {"hash": "e6c064c84b5358aec119cc7bd10e38b0", "size": 768, "tags": [250], "zip_id": "global_fonts"}, "font/Misc_Miracle_World.pf": {"hash": "8ae02a604ec966af5ac724e8a7aa3682", "size": 768, "tags": [250], "zip_id": "global_fonts"}, "font/Misc_NES.pf": {"hash": "84f5c48f9f5d6803e5844224ef29f3dd", "size": 768, "tags": [250], "zip_id": "global_fonts"}, "font/Misc_NGPC-Pocket_Sans.pf": {"hash": "d9f167a9255922020b0d17014149b32b", "size": 768, "tags": [250], "zip_id": "global_fonts"}, "font/Misc_Nise-Genesis.pf": {"hash": "3d550fc2dd9ce6764c52d4a44fff2bf1", "size": 768, "tags": [250], "zip_id": "global_fonts"}, "font/Misc_Nise-SuperHangOn.pf": {"hash": "9fa3b88fad58557879ad4f233fc50424", "size": 768, "tags": [250], "zip_id": "global_fonts"}, "font/Misc_Nise-Zillion.pf": {"hash": "c9b44e5f756166a1f0da2893dbe5a082", "size": 768, "tags": [250], "zip_id": "global_fonts"}, "font/Misc_Oddball.pf": {"hash": "0d3de1774cd8855cc3f149417a67966c", "size": 768, "tags": [250], "zip_id": "global_fonts"}, "font/Misc_OptirocAM2.pf": {"hash": "6e76b7da96f5062124579cc8e58d3158", "size": 1208, "tags": [250], "zip_id": "global_fonts"}, "font/Misc_OptirocDMG-Wide.pf": {"hash": "03c2d81aca402f628002764e0413e5fd", "size": 1208, "tags": [250], "zip_id": "global_fonts"}, "font/Misc_OptirocDMG.pf": {"hash": "e36462148a6c5612e500a46165715c75", "size": 1208, "tags": [250], "zip_id": "global_fonts"}, "font/Misc_Pico-8.pf": {"hash": "6af9616e7ba837c2e571dc63649adf3f", "size": 768, "tags": [250], "zip_id": "global_fonts"}, "font/Misc_PxlFont23.pf": {"hash": "09d450667508e7585a705f90a3878e61", "size": 1208, "tags": [250], "zip_id": "global_fonts"}, "font/Misc_Quake2_(id).pf": {"hash": "8501c117af6eaeacbf1d7943f5433495", "size": 768, "tags": [250], "zip_id": "global_fonts"}, "font/Misc_Quake_(id).pf": {"hash": "87877c8af35b0d94a3588731e1e08d26", "size": 768, "tags": [250], "zip_id": "global_fonts"}, "font/Misc_Quake_(id)_alt.pf": {"hash": "87f961aab882fd7e01deed8a62943832", "size": 768, "tags": [250], "zip_id": "global_fonts"}, "font/Misc_RGBSOURCE-AfterBurnerII.pf": {"hash": "f2dab4de491b69e5e30d45dc599272cf", "size": 768, "tags": [250], "zip_id": "global_fonts"}, "font/Misc_RGBSOURCE-AlteredBeast.pf": {"hash": "1674e3a168c94dd22a10990772929044", "size": 768, "tags": [250], "zip_id": "global_fonts"}, "font/Misc_RGBSOURCE-BartVsSM.pf": {"hash": "133f3bfa38d2e5029588eced9b47746b", "size": 768, "tags": [250], "zip_id": "global_fonts"}, "font/Misc_RGBSOURCE-Castlevania2.pf": {"hash": "7e4a9d343dec05dcad51d1981843aaad", "size": 768, "tags": [250], "zip_id": "global_fonts"}, "font/Misc_RGBSOURCE-Castlevania3.pf": {"hash": "154285524dffc368da3c9cf0c117f56d", "size": 768, "tags": [250], "zip_id": "global_fonts"}, "font/Misc_RGBSOURCE-Contra.pf": {"hash": "70857a15b8681aa61bef8766c78c3490", "size": 768, "tags": [250], "zip_id": "global_fonts"}, "font/Misc_RGBSOURCE-Earthbound.pf": {"hash": "0290253d12412cbb1728bcf01a751c72", "size": 768, "tags": [250], "zip_id": "global_fonts"}, "font/Misc_RGBSOURCE-FinalFantasy.pf": {"hash": "2b141b23889a3684281f4e91063a1f12", "size": 768, "tags": [250], "zip_id": "global_fonts"}, "font/Misc_RGBSOURCE-MarioMissing.pf": {"hash": "db136ef4f1f390a65b09597825dd24c2", "size": 768, "tags": [250], "zip_id": "global_fonts"}, "font/Misc_RGBSOURCE-Metroid.pf": {"hash": "9d218282166de0c74b63c7dfdf92dd7e", "size": 768, "tags": [250], "zip_id": "global_fonts"}, "font/Misc_RGBSOURCE-StriderSg.pf": {"hash": "4836f50f1962d8f1482aae040672cf66", "size": 768, "tags": [250], "zip_id": "global_fonts"}, "font/Misc_RGBSOURCE-SuperHangOn.pf": {"hash": "ca3354e4b0fb980419857f270dd325ec", "size": 768, "tags": [250], "zip_id": "global_fonts"}, "font/Misc_RGBSOURCE-Willow.pf": {"hash": "275462e6c86f2a5537809bc7f9709a33", "size": 768, "tags": [250], "zip_id": "global_fonts"}, "font/Misc_Sabine.pf": {"hash": "e3fdd5246914b172c8e79d290a903546", "size": 768, "tags": [250], "zip_id": "global_fonts"}, "font/Misc_StarTropics.pf": {"hash": "fb16866eaab21f5f8e70daa2d7069c48", "size": 768, "tags": [250], "zip_id": "global_fonts"}, "font/Misc_Star_City.pf": {"hash": "dd1fde28ee3e8a834c1075f25dc26371", "size": 768, "tags": [250], "zip_id": "global_fonts"}, "font/Misc_TI83.pf": {"hash": "66f22c65c5aae99627fed909a63fd0e8", "size": 768, "tags": [250], "zip_id": "global_fonts"}, "font/Misc_TmEe.pf": {"hash": "ff6e219bcb6bafa2fdffa8488f0887d7", "size": 768, "tags": [250], "zip_id": "global_fonts"}, "font/Misc_Unscii_Arcade.pf": {"hash": "f38d93b913acbc2b0d3607b394486da6", "size": 768, "tags": [250], "zip_id": "global_fonts"}, "font/Misc_Unscii_Fantasy.pf": {"hash": "e04b71654664d6d26c1f24373e07fe57", "size": 768, "tags": [250], "zip_id": "global_fonts"}, "font/Misc_Unscii_FreakCircus.pf": {"hash": "02884467db64aa6229bab7613752e7ae", "size": 768, "tags": [250], "zip_id": "global_fonts"}, "font/Misc_Unscii_MCR.pf": {"hash": "a71027bdd499cdba0cc408ff06a9e493", "size": 768, "tags": [250], "zip_id": "global_fonts"}, "font/Misc_Unscii_Thin.pf": {"hash": "56447ecfcaa0a5e598d7b0f26571d20f", "size": 768, "tags": [250], "zip_id": "global_fonts"}, "font/Misc_WAVBIRD-Comic_Italic.pf": {"hash": "c1451d233f78b36c7a5c0fec8c89ee8e", "size": 768, "tags": [250], "zip_id": "global_fonts"}, "font/Misc_WAVBIRD-Dullard.pf": {"hash": "92eb84b4e92c056aaeabadc25825eac5", "size": 768, "tags": [250], "zip_id": "global_fonts"}, "font/Misc_WAVBIRD-NGPC-Pocket-Sans.pf": {"hash": "d9f167a9255922020b0d17014149b32b", "size": 768, "tags": [250], "zip_id": "global_fonts"}, "font/Misc_WAVBIRD-Sans_v01.pf": {"hash": "09cc1cdc905a517c6d5af7c207f2b2b2", "size": 768, "tags": [250], "zip_id": "global_fonts"}, "font/Misc_WAVBIRD-Star-City.pf": {"hash": "dd1fde28ee3e8a834c1075f25dc26371", "size": 768, "tags": [250], "zip_id": "global_fonts"}, "font/Misc_Xexyz.pf": {"hash": "e2d26ac617d0ab8c15f929e4d9224830", "size": 768, "tags": [250], "zip_id": "global_fonts"}, "font/Misc_Xkeeper.pf": {"hash": "0e4df349ca3269e402273f5b080ad504", "size": 768, "tags": [250], "zip_id": "global_fonts"}, "font/Misc_Zelda.pf": {"hash": "6ee80928c805d0770f0f8e580205f5a5", "size": 768, "tags": [250], "zip_id": "global_fonts"}, "font/Misc_Zelda_2.pf": {"hash": "6b959f88a8cb0b777a7347a7bf16e982", "size": 768, "tags": [250], "zip_id": "global_fonts"}}, "folders": {"font": {"tags": [250], "zip_id": "global_fonts"}}}